Workbook

Sheet Cost Model
A1: PaySecure Gateway — Multi-Region DR Cost Model
A3: Service / Cost Category | B3: Current Annual Baseline (INR) | C3: Cold Standby | D3: Warm Standby | E3: Hot Standby | F3: Active-Active | G3: Notes | H3: Model Basis
A4: EKS / Compute | B4: 22000000 | C4: =B4*1.075 | D4: =B4*1.4 | E4: =B4*1.7 | F4: =B4*2.0 | G4: Planning estimate; validate with AWS pricing before procurement. | H4: Baseline allocation × DR tier multiplier
A5: Aurora PostgreSQL | B5: 11000000 | C5: =B5*1.075 | D5: =B5*1.4 | E5: =B5*1.7 | F5: =B5*2.0 | G5: Planning estimate; validate with AWS pricing before procurement. | H5: Baseline allocation × DR tier multiplier
A6: DynamoDB | B6: 5000000 | C6: =B6*1.075 | D6: =B6*1.4 | E6: =B6*1.7 | F6: =B6*2.0 | G6: Planning estimate; validate with AWS pricing before procurement. | H6: Baseline allocation × DR tier multiplier
A7: ElastiCache Redis | B7: 3500000 | C7: =B7*1.075 | D7: =B7*1.4 | E7: =B7*1.7 | F7: =B7*2.0 | G7: Planning estimate; validate with AWS pricing before procurement. | H7: Baseline allocation × DR tier multiplier
A8: Amazon MSK / Kafka | B8: 5500000 | C8: =B8*1.075 | D8: =B8*1.4 | E8: =B8*1.7 | F8: =B8*2.0 | G8: Planning estimate; validate with AWS pricing before procurement. | H8: Baseline allocation × DR tier multiplier
A9: NAT Gateway | B9: 2500000 | C9: =B9*1.075 | D9: =B9*1.4 | E9: =B9*1.7 | F9: =B9*2.0 | G9: Planning estimate; validate with AWS pricing before procurement. | H9: Baseline allocation × DR tier multiplier
A10: Inter-Region Data Transfer | B10: 3000000 | C10: =B10*1.075 | D10: =B10*1.4 | E10: =B10*1.7 | F10: =B10*2.0 | G10: Planning estimate; validate with AWS pricing before procurement. | H10: Baseline allocation × DR tier multiplier
A11: Route 53 | B11: 500000 | C11: =B11*1.075 | D11: =B11*1.4 | E11: =B11*1.7 | F11: =B11*2.0 | G11: Planning estimate; validate with AWS pricing before procurement. | H11: Baseline allocation × DR tier multiplier
A12: S3 Storage | B12: 1200000 | C12: =B12*1.075 | D12: =B12*1.4 | E12: =B12*1.7 | F12: =B12*2.0 | G12: Planning estimate; validate with AWS pricing before procurement. | H12: Baseline allocation × DR tier multiplier
A13: KMS | B13: 500000 | C13: =B13*1.075 | D13: =B13*1.4 | E13: =B13*1.7 | F13: =B13*2.0 | G13: Planning estimate; validate with AWS pricing before procurement. | H13: Baseline allocation × DR tier multiplier
A14: WAF | B14: 800000 | C14: =B14*1.075 | D14: =B14*1.4 | E14: =B14*1.7 | F14: =B14*2.0 | G14: Planning estimate; validate with AWS pricing before procurement. | H14: Baseline allocation × DR tier multiplier
A15: AWS Shield | B15: 1200000 | C15: =B15*1.075 | D15: =B15*1.4 | E15: =B15*1.7 | F15: =B15*2.0 | G15: Planning estimate; validate with AWS pricing before procurement. | H15: Baseline allocation × DR tier multiplier
... A19: DR Drills / Training / Ops | B19: 1500000 | C19: =B19*1.075 | D19: =B19*1.4 | E19: =B19*1.7 | F19: =B19*2.0 | G19: Planning estimate; validate with AWS pricing before procurement. | H19: Baseline allocation × DR tier multiplier
A20: TOTAL ANNUAL COST | B20: =SUM(B4:B19) | C20: =SUM(C4:C19) | D20: =SUM(D4:D19) | E20: =SUM(E4:E19) | F20: =SUM(F4:F19)

Sheet Tier Summary
A1: DR Tier | B1: Planning Multiplier | C1: Annual Cost (INR) | D1: Increment vs Current (INR) | E1: Typical RTO | F1: Typical RPO
A2: Cold Standby | B2: 1.075 | C2: ='Cost Model'!B20*B2 | D2: =C2-'Cost Model'!B20 | E2: 4–24 hours | F2: Hours to days
A3: Warm Standby | B3: 1.4 | C3: ='Cost Model'!B20*B3 | D3: =C3-'Cost Model'!B20 | E3: 15–60 minutes | F3: Minutes
A4: Hot Standby | B4: 1.7 | C4: ='Cost Model'!B20*B4 | D4: =C4-'Cost Model'!B20 | E4: 1–5 minutes | F4: Seconds to ~1 minute
A5: Active-Active | B5: 2 | C5: ='Cost Model'!B20*B5 | D5: =C5-'Cost Model'!B20 | E5: Near-zero | F5: Near-zero to seconds

Sheet ROI Analysis
A1: ROI Input | B1: Value | C1: Basis / Note
A2: Current annual infrastructure spend | B2: 80000000 | C2: Project brief
A3: Direct revenue loss per hour of downtime | B3: 3750000 | C3: Project brief
A4: Engineer-hours for major recovery | B4: 500 | C4: Project brief
A5: Engineer cost per hour | B5: 3000 | C5: Project brief
A6: Illustrative regulatory fine - low | B6: 5000000 | C6: Project brief
A7: Illustrative regulatory fine - high | B7: 20000000 | C7: Project brief
A8: Target uptime | B8: 0.9999 | C8: Project brief
A9: Illustrative recovery labor cost | B9: =B4*B5 | C9: 500 engineer-hours × ₹3,000/hour
A10: Illustrative 1-hour downtime exposure + recovery labor | B10: =B3+B10 | C10: Planning illustration; excludes other impacts
A11: Warm Standby annual increment vs current | B11: ='Tier Summary'!D3 | C11: Planning model
A12: Hot Standby annual increment vs current | B12: ='Tier Summary'!D4 | C12: Planning model
A13: Active-Active annual increment vs current | B13: ='Tier Summary'!D5 | C13: Planning model

Sheet Assumptions
A1: Assumption | B1: Value | C1: Source / Status
A2: Current region | B2: ap-south-1 (Mumbai) | C2: Project brief
A3: DR region | B3: ap-south-2 (Hyderabad) | C3: Project brief/design basis
A4: Current uptime | B4: 99.92% | C4: Project brief
A5: Target uptime | B5: 99.99% | C5: Project brief
A6: Target RPO | B6: < 1 minute | C6: Project brief
A7: Target RTO | B7: < 5 minutes | C7: Project brief
A8: Daily transactions | B8: 3.2 million | C8: Project brief
A9: Daily transaction value | B9: ₹500 crore | C9: Project brief
A10: Peak TPS | B10: 1,200 | C10: Project brief
A11: Merchants | B11: 45,000 | C11: Project brief
A12: Current annual infrastructure spend | B12: ₹8 crore | C12: Project brief
... A14: Pricing validity | B14: Validate before procurement | C14: Planning model
